0,01 - Sunlight.wav
1,03 - Marion in the Morning.wav
2,03 - Paris la mort.wav
3,03 - Everything.wav
4,01 - Bambax.wav
5,02 - Silver Spoon.wav
6,01 - Cest a toi.wav
7,01 - Auf einem anderen Stern.wav
8,01 - A new singing song.wav
9,02 - Once Again.wav
10,02 - Open your eyes.wav
11,01 - Its Easy.wav
12,01 - Bla bla bla.wav
13,01 - A CONTRE COURANT.wav
14,01 - Le regard des autres.wav
15,02 - The Game.wav
16,01 - A linstant.wav
17,03 - Samedi pas grand chose.wav
18,01 - Atlantide.wav
19,01 - 01 Les Jardins Japonais.wav
20,01 - alice.wav
21,01 - Annie.wav
22,03 - Modern Life.wav
23,01 - Antikultura.wav
24,01 - Astor.wav
25,01 - Ample Choix.wav
26,01 - Angels Of Crime.wav
27,01 - Cest dans lere.wav
28,01 - Burn.wav
29,02 - Spread The News.wav
30,02 - You should have been there.wav
31,02 - World that you know.wav
32,02 - Politique dautruche.wav
33,01 - Chanson pour moi.wav
34,01 - 2006-Un ptit peu amoureux.wav
35,01 - A smile on your face.wav
36,02 - La fille du bar tabac.wav
37,01 - Ok.wav
38,02 - Catin dharmonie.wav
39,01 - Aline 1.wav
40,02 - The Louise XIV Cathorse.wav
41,01 - Perdre le Nord.wav
42,01 - A song for memory.wav
43,01 - Aura.wav
44,01 - A city.wav
45,01 - A better Life.wav
46,01 - swallow.wav
47,01 - Atmosphere.wav
48,01 - Chanson engagee.wav
49,02 - aint that far.wav
50,01 - Ainsi chantait le poete.wav
51,01 - Visa pour hier.wav
52,02 - Give me a sign.wav
53,02 - emporte-moi.wav
54,01 - Seven Months.wav
55,01 - Bang Bang.wav
56,02 - Colombia.wav
57,01 - Sunken Sailor.wav
58,01 - 10min.wav
59,01 - The Final Rewind.wav
60,03 - Each tear.wav
61,01 - Sunlight.wav
62,03 - Marion in the Morning.wav
63,03 - Paris la mort.wav
64,03 - Everything.wav
65,01 - Bambax.wav
66,02 - Silver Spoon.wav
67,01 - Cest a toi.wav
68,01 - Auf einem anderen Stern.wav
69,01 - A new singing song.wav
70,02 - Once Again.wav
71,02 - Open your eyes.wav
72,01 - Its Easy.wav
73,01 - Bla bla bla.wav
74,01 - A CONTRE COURANT.wav
75,01 - Le regard des autres.wav
76,02 - The Game.wav
77,01 - A linstant.wav
78,03 - Samedi pas grand chose.wav
79,01 - Atlantide.wav
80,01 - 01 Les Jardins Japonais.wav
81,01 - alice.wav
82,01 - Annie.wav
83,03 - Modern Life.wav
84,01 - Antikultura.wav
85,01 - Astor.wav
86,01 - Ample Choix.wav
87,01 - Angels Of Crime.wav
88,01 - Cest dans lere.wav
89,01 - Burn.wav
90,02 - Spread The News.wav
91,02 - You should have been there.wav
92,02 - World that you know.wav
93,02 - Politique dautruche.wav
94,01 - Chanson pour moi.wav
95,01 - 2006-Un ptit peu amoureux.wav
96,01 - A smile on your face.wav
97,02 - La fille du bar tabac.wav
98,01 - Ok.wav
99,02 - Catin dharmonie.wav
100,01 - Aline 1.wav
101,02 - The Louise XIV Cathorse.wav
102,01 - Perdre le Nord.wav
103,01 - A song for memory.wav
104,01 - Aura.wav
105,01 - A city.wav
106,01 - A better Life.wav
107,01 - swallow.wav
108,01 - Atmosphere.wav
109,01 - Chanson engagee.wav
110,02 - aint that far.wav
111,01 - Ainsi chantait le poete.wav
112,01 - Visa pour hier.wav
113,02 - Give me a sign.wav
114,02 - emporte-moi.wav
115,01 - Seven Months.wav
116,01 - Bang Bang.wav
117,02 - Colombia.wav
118,01 - Sunken Sailor.wav
119,01 - 10min.wav
120,01 - The Final Rewind.wav
121,03 - Each tear.wav
122,01 - Sunlight.wav
123,03 - Marion in the Morning.wav
124,03 - Paris la mort.wav
125,03 - Everything.wav
126,01 - Bambax.wav
127,02 - Silver Spoon.wav
128,01 - Cest a toi.wav
129,01 - Auf einem anderen Stern.wav
130,01 - A new singing song.wav
131,02 - Once Again.wav
132,02 - Open your eyes.wav
133,01 - Its Easy.wav
134,01 - Bla bla bla.wav
135,01 - A CONTRE COURANT.wav
136,01 - Le regard des autres.wav
137,02 - The Game.wav
138,01 - A linstant.wav
139,03 - Samedi pas grand chose.wav
140,01 - Atlantide.wav
141,01 - 01 Les Jardins Japonais.wav
142,01 - alice.wav
143,01 - Annie.wav
144,03 - Modern Life.wav
145,01 - Antikultura.wav
146,01 - Astor.wav
147,01 - Ample Choix.wav
148,01 - Angels Of Crime.wav
149,01 - Cest dans lere.wav
150,01 - Burn.wav
151,02 - Spread The News.wav
152,02 - You should have been there.wav
153,02 - World that you know.wav
154,02 - Politique dautruche.wav
155,01 - Chanson pour moi.wav
156,01 - 2006-Un ptit peu amoureux.wav
157,01 - A smile on your face.wav
158,02 - La fille du bar tabac.wav
159,01 - Ok.wav
160,02 - Catin dharmonie.wav
161,01 - Aline 1.wav
162,02 - The Louise XIV Cathorse.wav
163,01 - Perdre le Nord.wav
164,01 - A song for memory.wav
165,01 - Aura.wav
166,01 - A city.wav
167,01 - A better Life.wav
168,01 - swallow.wav
169,01 - Atmosphere.wav
170,01 - Chanson engagee.wav
171,02 - aint that far.wav
172,01 - Ainsi chantait le poete.wav
173,01 - Visa pour hier.wav
174,02 - Give me a sign.wav
175,02 - emporte-moi.wav
176,01 - Seven Months.wav
177,01 - Bang Bang.wav
178,02 - Colombia.wav
179,01 - Sunken Sailor.wav
180,01 - 10min.wav
181,01 - The Final Rewind.wav
182,03 - Each tear.wav
183,01 - Sunlight.wav
184,03 - Marion in the Morning.wav
185,03 - Paris la mort.wav
186,03 - Everything.wav
187,01 - Bambax.wav
188,02 - Silver Spoon.wav
189,01 - Cest a toi.wav
190,01 - Auf einem anderen Stern.wav
191,01 - A new singing song.wav
192,02 - Once Again.wav
193,02 - Open your eyes.wav
194,01 - Its Easy.wav
195,01 - Bla bla bla.wav
196,01 - A CONTRE COURANT.wav
197,01 - Le regard des autres.wav
198,02 - The Game.wav
199,01 - A linstant.wav
200,03 - Samedi pas grand chose.wav
201,01 - Atlantide.wav
202,01 - 01 Les Jardins Japonais.wav
203,01 - alice.wav
204,01 - Annie.wav
205,03 - Modern Life.wav
206,01 - Antikultura.wav
207,01 - Astor.wav
208,01 - Ample Choix.wav
209,01 - Angels Of Crime.wav
210,01 - Cest dans lere.wav
211,01 - Burn.wav
212,02 - Spread The News.wav
213,02 - You should have been there.wav
214,02 - World that you know.wav
215,02 - Politique dautruche.wav
216,01 - Chanson pour moi.wav
217,01 - 2006-Un ptit peu amoureux.wav
218,01 - A smile on your face.wav
219,02 - La fille du bar tabac.wav
220,01 - Ok.wav
221,02 - Catin dharmonie.wav
222,01 - Aline 1.wav
223,02 - The Louise XIV Cathorse.wav
224,01 - Perdre le Nord.wav
225,01 - A song for memory.wav
226,01 - Aura.wav
227,01 - A city.wav
228,01 - A better Life.wav
229,01 - swallow.wav
230,01 - Atmosphere.wav
231,01 - Chanson engagee.wav
232,02 - aint that far.wav
233,01 - Ainsi chantait le poete.wav
234,01 - Visa pour hier.wav
235,02 - Give me a sign.wav
236,02 - emporte-moi.wav
237,01 - Seven Months.wav
238,01 - Bang Bang.wav
239,02 - Colombia.wav
240,01 - Sunken Sailor.wav
241,01 - 10min.wav
242,01 - The Final Rewind.wav
243,03 - Each tear.wav
244,01 - Sunlight.wav
245,03 - Marion in the Morning.wav
246,03 - Paris la mort.wav
247,03 - Everything.wav
248,01 - Bambax.wav
249,02 - Silver Spoon.wav
250,01 - Cest a toi.wav
251,01 - Auf einem anderen Stern.wav
252,01 - A new singing song.wav
253,02 - Once Again.wav
254,02 - Open your eyes.wav
255,01 - Its Easy.wav
256,01 - Bla bla bla.wav
257,01 - A CONTRE COURANT.wav
258,01 - Le regard des autres.wav
259,02 - The Game.wav
260,01 - A linstant.wav
261,03 - Samedi pas grand chose.wav
262,01 - Atlantide.wav
263,01 - 01 Les Jardins Japonais.wav
264,01 - alice.wav
265,01 - Annie.wav
266,03 - Modern Life.wav
267,01 - Antikultura.wav
268,01 - Astor.wav
269,01 - Ample Choix.wav
270,01 - Angels Of Crime.wav
271,01 - Cest dans lere.wav
272,01 - Burn.wav
273,02 - Spread The News.wav
274,02 - You should have been there.wav
275,02 - World that you know.wav
276,02 - Politique dautruche.wav
277,01 - Chanson pour moi.wav
278,01 - 2006-Un ptit peu amoureux.wav
279,01 - A smile on your face.wav
280,02 - La fille du bar tabac.wav
281,01 - Ok.wav
282,02 - Catin dharmonie.wav
283,01 - Aline 1.wav
284,02 - The Louise XIV Cathorse.wav
285,01 - Perdre le Nord.wav
286,01 - A song for memory.wav
287,01 - Aura.wav
288,01 - A city.wav
289,01 - A better Life.wav
290,01 - swallow.wav
291,01 - Atmosphere.wav
292,01 - Chanson engagee.wav
293,02 - aint that far.wav
294,01 - Ainsi chantait le poete.wav
295,01 - Visa pour hier.wav
296,02 - Give me a sign.wav
297,02 - emporte-moi.wav
298,01 - Seven Months.wav
299,01 - Bang Bang.wav
300,02 - Colombia.wav
301,01 - Sunken Sailor.wav
302,01 - 10min.wav
303,01 - The Final Rewind.wav
304,03 - Each tear.wav
